index,repo_url,slug,found_in_db,run_count,overall_result,any_success,best_status,total_iterations,total_steps,total_prompt_tokens,total_completion_tokens,detected_language,has_dockerfile,smoke_test_passed,total_duration_ms,char_domain,char_build_type,char_automation_level,char_environment_specificity,char_dependency_transparency,char_tooling_complexity,char_reproducibility_support,star_count
1,https://github.com/basecamp/local_time,basecamp/local_time,True,1,SUCCESS,True,success,2,42,840018,48648,ruby,True,True,1498393,web-development,bundler,semi_automated,cross_platform_generic,explicit_machine_readable,multi_layer_toolchains,no_ci_manual_only,1990
2,https://github.com/spring-projects/spring-framework,spring-projects/spring-framework,True,3,SUCCESS,True,success,6,112,1826057,169408,Java,True,True,5444071,web-development,gradle,fully_automated,cross_platform_generic,explicit_machine_readable,single_layer_tool,repro_ready,59604
3,https://github.com/open-webui/open-webui,open-webui/open-webui,True,1,SUCCESS,True,success,1,19,428582,56326,Python,True,True,1471717,web-development,npm,semi_automated,cross_platform_generic,explicit_machine_readable,multi_layer_toolchains,repro_ready,123592
4,https://github.com/drewm/mailchimp-api,drewm/mailchimp-api,True,1,SUCCESS,True,success,3,48,455216,114061,PHP,True,True,2017770,web-development,composer,semi_automated,cross_platform_generic,explicit_loose,single_layer_tool,repro_ready,1977
5,https://github.com/umami-software/umami,umami-software/umami,True,1,SUCCESS,True,success,3,53,3065847,87603,TypeScript/JavaScript,True,True,2178410,web-development,pnpm,semi_automated,cross_platform_generic,explicit_machine_readable,single_layer_tool,repro_ready,35163
6,https://github.com/CorentinTh/it-tools,CorentinTh/it-tools,True,1,SUCCESS,True,success,1,7,165489,12110,JavaScript,True,True,280820,web-development,npm,fully_automated,cross_platform_generic,explicit_machine_readable,single_layer_tool,no_ci_manual_only,36992
7,https://github.com/photoprism/photoprism,photoprism/photoprism,True,1,SUCCESS,True,success,1,13,279279,33165,go,True,True,1238194,web-development,go-mod,semi_automated,cross_platform_generic,explicit_machine_readable,multi_layer_toolchains,repro_ready,39239
8,https://github.com/psf/requests,psf/requests,True,1,SUCCESS,True,success,2,36,264579,43406,Python,True,True,1677554,web-development,setuptools,semi_automated,cross_platform_generic,explicit_loose,single_layer_tool,repro_ready,53729
9,https://github.com/benvinegar/counterscale,benvinegar/counterscale,True,1,SUCCESS,True,success,2,34,1646100,49293,TypeScript,True,True,1423709,web-development,pnpm,semi_automated,specific_os,explicit_machine_readable,multi_layer_toolchains,repro_ready,1977
10,https://github.com/resume/resume.github.com,resume/resume.github.com,True,1,SUCCESS,True,success,1,6,34389,9855,Ruby,True,True,265171,web-development,none,manual,cross_platform_generic,implicit,single_layer_tool,no_ci_manual_only,62791
11,https://github.com/weareoutman/clockpicker,weareoutman/clockpicker,True,1,SUCCESS,True,success,1,15,258842,28644,JavaScript,True,True,637409,web-development,npm,semi_automated,cross_platform_generic,explicit_loose,multi_layer_toolchains,repro_ready,1985
12,https://github.com/microsoft/FluidFramework,microsoft/FluidFramework,True,1,FAIL,False,failure,3,57,1192076,81240,JavaScript,False,,2398005,web-development,pnpm,semi_automated,cross_platform_generic,explicit_machine_readable,single_layer_tool,repro_ready,4918
13,https://github.com/hakimel/reveal.js,hakimel/reveal.js,True,1,FAIL,False,failure,3,75,1082768,83066,typescript,False,,1297637,web-development,npm,semi_automated,cross_platform_generic,explicit_machine_readable,multi_layer_toolchains,repro_ready,70548
14,https://github.com/rangle/augury,rangle/augury,True,1,SUCCESS,True,success,1,13,143666,26587,typescript,True,True,1138875,web-development,npm,semi_automated,cross_platform_generic,explicit_machine_readable,single_layer_tool,repro_ready,1999
15,https://github.com/scrapinghub/portia,scrapinghub/portia,True,1,FAIL,False,failure,3,72,1046748,135632,Python,False,,4908522,web-development,setuptools,semi_automated,cross_platform_generic,explicit_machine_readable,multi_layer_toolchains,no_ci_manual_only,9491
16,https://github.com/fastapi/fastapi,fastapi/fastapi,True,1,SUCCESS,True,success,1,3,65910,9175,Python,True,True,216440,web-development,poetry,semi_automated,cross_platform_generic,explicit_machine_readable,single_layer_tool,repro_ready,95012
17,https://github.com/ant-design/ant-design,ant-design/ant-design,True,1,SUCCESS,True,success,1,12,224232,24223,JavaScript,True,True,1394094,web-development,npm,semi_automated,cross_platform_generic,explicit_machine_readable,single_layer_tool,repro_ready,97485
18,https://github.com/expressjs/express,expressjs/express,True,3,SUCCESS,True,success,4,68,598739,118041,JavaScript,True,True,3549454,web-development,npm,semi_automated,cross_platform_generic,explicit_machine_readable,single_layer_tool,repro_ready,68685
19,https://github.com/evanw/esbuild,evanw/esbuild,True,1,SUCCESS,True,success,1,5,94039,7939,Go,True,True,211077,web-development,go-mod,semi_automated,cross_platform_generic,explicit_machine_readable,multi_layer_toolchains,repro_ready,39698
20,https://github.com/freeCodeCamp/devdocs,freeCodeCamp/devdocs,True,1,SUCCESS,True,success,1,17,192699,35051,ruby,True,True,1063611,web-development,bundler,fully_automated,cross_platform_generic,explicit_machine_readable,single_layer_tool,repro_ready,38476
21,https://github.com/hustcc/echarts-for-react,hustcc/echarts-for-react,True,1,SUCCESS,True,success,1,7,45521,12519,TypeScript,True,True,335247,web-development,npm,semi_automated,cross_platform_generic,explicit_machine_readable,single_layer_tool,repro_ready,4946
22,https://github.com/christinecha/choreographer-js,christinecha/choreographer-js,True,1,SUCCESS,True,success,1,5,38445,10094,JavaScript,True,True,193897,web-development,npm,semi_automated,cross_platform_generic,explicit_loose,single_layer_tool,no_ci_manual_only,1998
23,https://github.com/facebook/create-react-app,facebook/create-react-app,True,1,SUCCESS,True,success,1,16,230830,24563,JavaScript,True,True,1335795,web-development,npm,semi_automated,cross_platform_generic,explicit_machine_readable,single_layer_tool,repro_ready,103943
24,https://github.com/facebook/memlab,facebook/memlab,True,1,SUCCESS,True,success,1,17,257270,34891,typescript,True,True,897886,web-development,npm,semi_automated,cross_platform_generic,explicit_machine_readable,single_layer_tool,repro_ready,4898
25,https://github.com/styled-components/styled-components,styled-components/styled-components,True,1,SUCCESS,True,success,2,21,397222,35807,JavaScript,True,True,1444679,web-development,pnpm,semi_automated,cross_platform_generic,explicit_machine_readable,single_layer_tool,repro_ready,41029
26,https://github.com/glennreyes/graphpack,glennreyes/graphpack,True,1,FAIL,False,failure,3,75,660984,101704,JavaScript,False,,2772725,web-development,yarn,fully_automated,cross_platform_generic,explicit_machine_readable,single_layer_tool,no_ci_manual_only,1979
27,https://github.com/StartBootstrap/startbootstrap-simple-sidebar,StartBootstrap/startbootstrap-simple-sidebar,True,1,SUCCESS,True,success,2,13,150047,17593,JavaScript,True,True,677609,web-development,npm,semi_automated,cross_platform_generic,explicit_machine_readable,single_layer_tool,no_ci_manual_only,1989
28,https://github.com/chrisbenincasa/tunarr,chrisbenincasa/tunarr,True,1,SUCCESS,True,success,1,12,203055,29546,TypeScript/Node.js,True,True,1124901,web-development,npm,semi_automated,cross_platform_generic,explicit_machine_readable,single_layer_tool,repro_ready,1981
29,https://github.com/peachananr/onepage-scroll,peachananr/onepage-scroll,True,1,SUCCESS,True,success,1,13,204333,20397,JavaScript,True,True,367021,web-development,none,manual,cross_platform_generic,implicit,single_layer_tool,no_ci_manual_only,9490
30,https://github.com/HeyPuter/puter,HeyPuter/puter,True,1,SUCCESS,True,success,2,22,305624,43708,javascript,True,True,6303931,web-development,npm,semi_automated,cross_platform_generic,explicit_machine_readable,single_layer_tool,no_ci_manual_only,39372
31,https://github.com/josephg/ShareJS,josephg/ShareJS,True,2,SUCCESS,True,success,4,43,391210,92561,JavaScript,True,True,2104856,web-development,npm,semi_automated,cross_platform_generic,explicit_loose,single_layer_tool,repro_ready,4992
32,https://github.com/Tencent/wujie,Tencent/wujie,True,2,SUCCESS,True,success,5,62,619461,90090,typescript,True,True,2926107,web-development,npm,semi_automated,cross_platform_generic,explicit_machine_readable,single_layer_tool,repro_ready,4861
33,https://github.com/amruthpillai/reactive-resume,amruthpillai/reactive-resume,True,2,SUCCESS,True,success,4,22,443054,32006,TypeScript/JavaScript,True,True,1902942,web-development,npm,semi_automated,cross_platform_generic,explicit_machine_readable,single_layer_tool,repro_ready,35136
34,https://github.com/n8n-io/n8n,n8n-io/n8n,True,2,FAIL,False,failure,6,103,1825420,226783,multilanguage,False,,4279561,web-development,npm,fully_automated,cross_platform_generic,explicit_machine_readable,single_layer_tool,repro_ready,174088
35,https://github.com/jgthms/bulma,jgthms/bulma,True,2,SUCCESS,True,success,4,38,688124,75152,ruby,True,True,1481522,web-development,npm,semi_automated,cross_platform_generic,explicit_machine_readable,single_layer_tool,repro_ready,50068
36,https://github.com/inbucket/inbucket,inbucket/inbucket,True,2,SUCCESS,True,success,4,37,539912,80589,Go + Node.js (multi-language project),True,True,1407319,web-development,go-mod,semi_automated,cross_platform_generic,explicit_machine_readable,multi_layer_toolchains,repro_ready,1982
37,https://github.com/vuematerial/vue-material,vuematerial/vue-material,True,3,SUCCESS,True,success,4,31,589528,52101,JavaScript,True,True,1435671,web-development,npm,semi_automated,cross_platform_generic,explicit_machine_readable,single_layer_tool,repro_ready,9864
38,https://github.com/iamkun/dayjs,iamkun/dayjs,True,3,SUCCESS,True,success,6,90,1537519,167371,JavaScript,True,True,6058110,web-development,npm,semi_automated,cross_platform_generic,explicit_machine_readable,single_layer_tool,repro_ready,48546
39,https://github.com/jakevdp/PythonDataScienceHandbook,jakevdp/PythonDataScienceHandbook,True,2,SUCCESS,True,success,5,52,566364,82966,Python,True,True,1951036,education,pip,semi_automated,cross_platform_generic,explicit_machine_readable,single_layer_tool,no_ci_manual_only,46743
40,https://github.com/brucefan1983/CUDA-Programming,brucefan1983/CUDA-Programming,True,3,SUCCESS,True,success,4,18,150240,29652,cpp,True,True,896086,education,none,reverse_engineering,custom_hardware_or_drivers,implicit,single_layer_tool,no_ci_manual_only,1997
41,https://github.com/TheAlgorithms/C-Plus-Plus,TheAlgorithms/C-Plus-Plus,True,2,SUCCESS,True,success,4,28,285391,46967,C++,True,True,1209313,education,cmake,semi_automated,cross_platform_generic,implicit,single_layer_tool,repro_ready,33830
42,https://github.com/iluwatar/java-design-patterns,iluwatar/java-design-patterns,True,2,SUCCESS,True,success,4,34,885119,58556,Java,True,True,1321657,education,maven,semi_automated,cross_platform_generic,explicit_machine_readable,single_layer_tool,repro_ready,93711
43,https://github.com/krahets/hello-algo,krahets/hello-algo,True,2,SUCCESS,True,success,1,11,136276,18906,Python,True,True,721701,education,none,manual,cross_platform_generic,implicit,single_layer_tool,no_ci_manual_only,122253
44,https://github.com/microsoft/vscode-extension-samples,microsoft/vscode-extension-samples,True,2,SUCCESS,True,success,4,33,370223,39609,TypeScript,True,True,1149063,education,npm,semi_automated,cross_platform_generic,explicit_machine_readable,single_layer_tool,no_ci_manual_only,9948
45,https://github.com/demopark/electron-api-demos-Zh_CN,demopark/electron-api-demos-Zh_CN,True,2,FAIL,False,failure,3,68,697550,156096,JavaScript,False,,3490454,education,npm,semi_automated,cross_platform_generic,explicit_machine_readable,single_layer_tool,repro_ready,1981
46,https://github.com/halfrost/LeetCode-Go,halfrost/LeetCode-Go,True,2,SUCCESS,True,success,1,10,135836,12101,Go,True,True,331535,education,go-mod,semi_automated,cross_platform_generic,explicit_machine_readable,single_layer_tool,repro_ready,33794
47,https://github.com/ssloy/tinyraycaster,ssloy/tinyraycaster,True,2,SUCCESS,True,success,1,5,41139,10589,C++,True,True,263348,education,cmake,semi_automated,specific_os,implicit,single_layer_tool,no_ci_manual_only,1996
48,https://github.com/addyosmani/essential-js-design-patterns,addyosmani/essential-js-design-patterns,True,2,SUCCESS,True,success,5,100,2118169,185007,JavaScript,True,True,5562648,education,grunt,semi_automated,cross_platform_generic,explicit_machine_readable,multi_layer_toolchains,repro_ready,4908
49,https://github.com/ManimCommunity/manim,ManimCommunity/manim,True,2,FAIL,False,failure,4,77,1576881,122456,python,False,,12678571,education,poetry,semi_automated,cross_platform_generic,explicit_machine_readable,single_layer_tool,repro_ready,36731
50,https://github.com/browser-use/browser-use,browser-use/browser-use,True,1,FAIL,False,failure,3,75,2138181,168585,Python,False,,4210950,utilities,npm,semi_automated,cross_platform_generic,explicit_loose,multi_layer_toolchains,repro_ready,78185
51,https://github.com/DiUS/java-faker,DiUS/java-faker,True,1,SUCCESS,True,success,2,35,578907,67028,Java,True,True,1157805,utilities,maven,semi_automated,cross_platform_generic,explicit_machine_readable,single_layer_tool,repro_ready,4928
52,https://github.com/backup/backup,backup/backup,True,1,SUCCESS,True,success,1,9,75276,19727,ruby,True,True,597825,utilities,bundler,semi_automated,specific_os,explicit_machine_readable,single_layer_tool,repro_ready,4877
53,https://github.com/pyenv/pyenv,pyenv/pyenv,True,1,SUCCESS,True,success,1,12,196104,24697,python,True,True,493920,utilities,none,semi_automated,cross_platform_generic,implicit,single_layer_tool,no_ci_manual_only,44247
54,https://github.com/phpDocumentor/ReflectionDocBlock,phpDocumentor/ReflectionDocBlock,True,1,SUCCESS,True,success,1,13,101468,29042,PHP,True,True,498159,utilities,composer,semi_automated,cross_platform_generic,explicit_machine_readable,single_layer_tool,repro_ready,9398
55,https://github.com/rclone/rclone,rclone/rclone,True,1,SUCCESS,True,success,1,3,76378,8455,Go,True,True,159019,utilities,go-mod,semi_automated,cross_platform_generic,explicit_machine_readable,single_layer_tool,repro_ready,55506
56,https://github.com/mtdowling/cron-expression,mtdowling/cron-expression,True,1,SUCCESS,True,success,2,49,556291,96332,PHP,True,True,3192380,utilities,composer,semi_automated,cross_platform_generic,explicit_loose,single_layer_tool,repro_ready,4872
57,https://github.com/ImageOptim/ImageOptim,ImageOptim/ImageOptim,True,1,SUCCESS,True,success,2,25,235593,60842,C/C++,True,True,1454503,utilities,make,semi_automated,specific_os,implicit,multi_layer_toolchains,no_ci_manual_only,9728
58,https://github.com/liuchengxu/vim-which-key,liuchengxu/vim-which-key,True,1,SUCCESS,True,success,1,14,275551,11166,vim,True,True,289196,utilities,none,manual,cross_platform_generic,implicit,single_layer_tool,no_ci_manual_only,1984
59,https://github.com/lstrojny/functional-php,lstrojny/functional-php,True,1,SUCCESS,True,success,1,13,108286,27993,PHP,True,True,480546,utilities,composer,semi_automated,cross_platform_generic,explicit_machine_readable,single_layer_tool,repro_ready,1985
60,https://github.com/MrS0m30n3/youtube-dl-gui,MrS0m30n3/youtube-dl-gui,True,1,FAIL,False,failure,3,51,511974,110020,Python,False,,2148153,utilities,setuptools,semi_automated,cross_platform_generic,explicit_loose,single_layer_tool,no_ci_manual_only,9447
61,https://github.com/an-anime-team/an-anime-game-launcher,an-anime-team/an-anime-game-launcher,True,1,SUCCESS,True,success,2,32,637706,61730,rust,True,True,2595068,utilities,cargo,semi_automated,cross_platform_generic,explicit_machine_readable,single_layer_tool,repro_ready,1996
62,https://github.com/junegunn/vim-plug,junegunn/vim-plug,True,1,FAIL,False,failure,3,64,1015474,112757,vim-script,False,,2760093,utilities,none,semi_automated,cross_platform_generic,implicit,single_layer_tool,repro_ready,35546
63,https://github.com/alibaba/compileflow,alibaba/compileflow,True,1,SUCCESS,True,success,1,7,85731,15538,Java,True,True,676032,utilities,maven,semi_automated,cross_platform_generic,explicit_machine_readable,single_layer_tool,repro_ready,1975
64,https://github.com/atom/atom,atom/atom,True,1,FAIL,False,failure,3,63,1386753,129486,JavaScript,False,,7838279,utilities,npm,semi_automated,cross_platform_generic,explicit_loose,multi_layer_toolchains,repro_ready,61009
65,https://github.com/ventoy/Ventoy,ventoy/Ventoy,True,1,SUCCESS,True,success,3,36,629361,78067,bash,True,True,2944644,utilities,make,semi_automated,cross_platform_generic,implicit,multi_layer_toolchains,repro_ready,74422
66,https://github.com/phpbench/phpbench,phpbench/phpbench,True,1,SUCCESS,True,success,1,9,106292,19199,PHP,True,True,371687,utilities,composer,semi_automated,cross_platform_generic,explicit_machine_readable,single_layer_tool,repro_ready,1980
67,https://github.com/zxing/zxing,zxing/zxing,True,1,SUCCESS,True,success,1,5,69848,13017,Java,True,True,410369,utilities,maven,semi_automated,cross_platform_generic,explicit_machine_readable,single_layer_tool,no_ci_manual_only,33850
68,https://github.com/adamwdraper/Numeral-js,adamwdraper/Numeral-js,True,1,FAIL,False,failure,3,62,809783,110660,javascript,False,,4194722,utilities,npm,semi_automated,cross_platform_generic,explicit_loose,single_layer_tool,repro_ready,9731
69,https://github.com/aksakalli/gtop,aksakalli/gtop,True,1,SUCCESS,True,success,1,11,50330,19143,javascript,True,True,572985,utilities,npm,semi_automated,cross_platform_generic,explicit_machine_readable,single_layer_tool,repro_ready,9900
70,https://github.com/ReactiveX/RxJava,ReactiveX/RxJava,True,3,SUCCESS,True,success,4,56,980502,97735,Java,True,True,5798328,utilities,gradle,semi_automated,cross_platform_generic,explicit_machine_readable,single_layer_tool,repro_ready,48527
71,https://github.com/Humanizr/Humanizer,Humanizr/Humanizer,True,1,SUCCESS,True,success,1,24,477105,43309,C#,True,True,1617521,utilities,dotnet,semi_automated,cross_platform_generic,explicit_loose,single_layer_tool,repro_ready,9394
72,https://github.com/sinonjs/sinon,sinonjs/sinon,True,1,FAIL,False,failure,3,68,1388935,96100,JavaScript,False,,3802506,utilities,npm,semi_automated,cross_platform_generic,explicit_machine_readable,single_layer_tool,repro_ready,9765
73,https://github.com/tickstep/aliyunpan,tickstep/aliyunpan,True,1,SUCCESS,True,success,1,5,96251,8130,Go,True,True,223406,utilities,go-mod,semi_automated,cross_platform_generic,explicit_machine_readable,single_layer_tool,no_ci_manual_only,4938
74,https://github.com/zaach/jsonlint,zaach/jsonlint,True,1,SUCCESS,True,success,1,17,228229,46722,JavaScript,True,True,614300,utilities,npm,semi_automated,cross_platform_generic,explicit_loose,multi_layer_toolchains,no_ci_manual_only,1983
75,https://github.com/microsoft/vscode-copilot-chat,microsoft/vscode-copilot-chat,True,1,SUCCESS,True,success,1,14,215608,16535,typescript,True,True,727055,utilities,npm,semi_automated,cross_platform_generic,explicit_machine_readable,single_layer_tool,repro_ready,9445
76,https://github.com/zen-browser/desktop,zen-browser/desktop,True,1,SUCCESS,True,success,2,49,1122649,101634,javascript,True,True,4582895,utilities,cargo,semi_automated,cross_platform_generic,explicit_machine_readable,multi_layer_toolchains,repro_ready,40051
77,https://github.com/major/MySQLTuner-perl,major/MySQLTuner-perl,True,1,SUCCESS,True,success,1,7,104432,24911,Perl,True,True,471530,utilities,none,semi_automated,cross_platform_generic,implicit,single_layer_tool,no_ci_manual_only,9432
78,https://github.com/rubickCenter/rubick,rubickCenter/rubick,True,2,FAIL,False,failure,3,72,1005836,161296,typescript,False,,6135392,utilities,npm,semi_automated,cross_platform_generic,explicit_machine_readable,single_layer_tool,repro_ready,9499
79,https://github.com/python-poetry/poetry,python-poetry/poetry,True,1,SUCCESS,True,success,1,8,129136,14527,Python,True,True,424584,utilities,poetry,semi_automated,cross_platform_generic,explicit_machine_readable,single_layer_tool,repro_ready,34199
80,https://github.com/reactopt/reactopt,reactopt/reactopt,True,1,SUCCESS,True,success,2,22,175181,47879,JavaScript,True,True,2127621,utilities,npm,semi_automated,cross_platform_generic,explicit_machine_readable,single_layer_tool,no_ci_manual_only,1979
81,https://github.com/py-pdf/pypdf,py-pdf/pypdf,True,1,FAIL,False,failure,3,67,1018768,112399,Python,False,,3266128,utilities,pip,semi_automated,cross_platform_generic,explicit_loose,single_layer_tool,repro_ready,9804
82,https://github.com/frenck/home-assistant-config,frenck/home-assistant-config,True,1,SUCCESS,True,success,2,31,205124,43803,Python,True,True,3239484,utilities,none,manual,cross_platform_generic,implicit,single_layer_tool,repro_ready,1975
83,https://github.com/mike-marcacci/node-redlock,mike-marcacci/node-redlock,True,2,SUCCESS,True,success,1,24,215870,35363,JavaScript,True,True,1538133,utilities,npm,semi_automated,cross_platform_generic,explicit_machine_readable,single_layer_tool,repro_ready,1978
84,https://github.com/PaulRBerg/hardhat-template,PaulRBerg/hardhat-template,True,1,SUCCESS,True,success,1,25,226803,35963,TypeScript,True,True,2298291,utilities,npm,semi_automated,cross_platform_generic,explicit_machine_readable,single_layer_tool,repro_ready,1981
85,https://github.com/FiloSottile/mkcert,FiloSottile/mkcert,True,1,SUCCESS,True,success,1,2,29983,8327,Go,True,True,121860,utilities,go-mod,semi_automated,cross_platform_generic,explicit_machine_readable,single_layer_tool,repro_ready,58017
86,https://github.com/h2oai/h2o-llmstudio,h2oai/h2o-llmstudio,True,1,SUCCESS,True,success,1,23,570213,46408,python,True,True,1965146,machine-learning,pip,semi_automated,cross_platform_generic,explicit_loose,multi_layer_toolchains,repro_ready,4881
87,https://github.com/tensorflow/privacy,tensorflow/privacy,True,1,FAIL,False,failure,3,62,757121,89653,Python,False,,5240712,machine-learning,setuptools,semi_automated,cross_platform_generic,explicit_loose,single_layer_tool,repro_ready,1998
88,https://github.com/mem0ai/mem0,mem0ai/mem0,True,1,FAIL,False,failure,3,75,1186801,124666,python,False,,4147791,machine-learning,pip,semi_automated,cross_platform_generic,explicit_machine_readable,mixed_languages_and_bindings,repro_ready,47147
89,https://github.com/OpenGVLab/DragGAN,OpenGVLab/DragGAN,True,1,SUCCESS,True,success,1,9,54396,16424,Python,True,True,2011472,machine-learning,setuptools,semi_automated,custom_hardware_or_drivers,explicit_loose,single_layer_tool,repro_ready,4969
90,https://github.com/clementchadebec/benchmark_VAE,clementchadebec/benchmark_VAE,True,2,FAIL,False,failure,3,57,688815,61302,Python,False,,12102498,machine-learning,pip,semi_automated,cross_platform_generic,explicit_loose,single_layer_tool,repro_ready,1982
91,https://github.com/LAION-AI/Open-Assistant,LAION-AI/Open-Assistant,True,1,SUCCESS,True,success,2,23,443767,40823,Python,True,True,1417539,machine-learning,poetry,semi_automated,cross_platform_generic,explicit_machine_readable,multi_layer_toolchains,repro_ready,37457
92,https://github.com/xai-org/grok-1,xai-org/grok-1,True,1,FAIL,False,running,0,0,0,0,,False,,0,machine-learning,pip,semi_automated,custom_hardware_or_drivers,explicit_loose,single_layer_tool,no_ci_manual_only,51484
93,https://github.com/BlinkDL/ChatRWKV,BlinkDL/ChatRWKV,True,1,FAIL,False,failure,3,52,1013681,79756,Python,False,,2835015,machine-learning,pip,semi_automated,custom_hardware_or_drivers,explicit_machine_readable,single_layer_tool,no_ci_manual_only,9517
94,https://github.com/microsoft/computervision-recipes,microsoft/computervision-recipes,True,1,SUCCESS,True,success,2,28,423312,42445,Python,True,True,1586168,machine-learning,pip,semi_automated,cross_platform_generic,explicit_loose,single_layer_tool,no_ci_manual_only,9824
95,https://github.com/huggingface/pytorch-image-models,huggingface/pytorch-image-models,True,1,FAIL,False,failure,3,55,613961,77844,Python,False,,12392641,machine-learning,setuptools,semi_automated,cross_platform_generic,explicit_loose,single_layer_tool,repro_ready,36353
96,https://github.com/facebookresearch/Detic,facebookresearch/Detic,True,1,FAIL,False,failure,3,66,959128,139046,Python,False,,6750244,machine-learning,pip,semi_automated,cross_platform_generic,explicit_machine_readable,single_layer_tool,no_ci_manual_only,1997
97,https://github.com/apple/ml-fastvit,apple/ml-fastvit,True,1,FAIL,False,failure,3,71,1094873,94516,Python,False,,4262975,machine-learning,pip,semi_automated,specific_stack_versions,explicit_machine_readable,single_layer_tool,no_ci_manual_only,1987
98,https://github.com/cjhutto/vaderSentiment,cjhutto/vaderSentiment,True,1,FAIL,False,failure,3,47,510765,73990,Python,False,,2142839,machine-learning,setuptools,semi_automated,cross_platform_generic,implicit,single_layer_tool,no_ci_manual_only,4938
99,https://github.com/jingyaogong/minimind,jingyaogong/minimind,True,1,SUCCESS,True,success,1,3,44670,6348,Python,True,True,681788,machine-learning,pip,semi_automated,custom_hardware_or_drivers,explicit_machine_readable,single_layer_tool,no_ci_manual_only,39341
100,https://github.com/coleam00/mcp-crawl4ai-rag,coleam00/mcp-crawl4ai-rag,True,1,SUCCESS,True,success,3,30,393179,42823,Python,True,True,8673538,machine-learning,poetry,semi_automated,cross_platform_generic,explicit_machine_readable,single_layer_tool,no_ci_manual_only,1988
101,https://github.com/CMU-Perceptual-Computing-Lab/openpose,CMU-Perceptual-Computing-Lab/openpose,True,1,SUCCESS,True,success,1,13,265909,27845,C++,True,True,930397,machine-learning,cmake,semi_automated,cross_platform_generic,explicit_machine_readable,single_layer_tool,repro_ready,33771
102,https://github.com/hacksider/Deep-Live-Cam,hacksider/Deep-Live-Cam,True,1,SUCCESS,True,success,1,5,51627,10505,python,True,True,881343,machine-learning,pip,semi_automated,cross_platform_generic,implicit,single_layer_tool,no_ci_manual_only,79413
103,https://github.com/facebookresearch/faiss,facebookresearch/faiss,True,2,FAIL,False,running,3,65,1485160,95613,C++,False,,8178152,machine-learning,cmake,semi_automated,cross_platform_generic,implicit,multi_layer_toolchains,repro_ready,39067
104,https://github.com/deepseek-ai/DeepSeek-V3,deepseek-ai/DeepSeek-V3,True,2,SUCCESS,True,success,4,82,1190582,142008,Python,True,True,8272061,machine-learning,pip,semi_automated,cross_platform_generic,explicit_machine_readable,single_layer_tool,repro_ready,101550
105,https://github.com/vfsfitvnm/ViMusic,vfsfitvnm/ViMusic,True,1,SUCCESS,True,success,1,18,251483,35301,kotlin,True,True,1181632,mobile-development,gradle,semi_automated,cross_platform_generic,explicit_machine_readable,single_layer_tool,repro_ready,9427
106,https://github.com/openkraken/kraken,openkraken/kraken,True,2,FAIL,False,failure,6,149,3505896,309955,cpp,False,,9747915,mobile-development,cmake,semi_automated,cross_platform_generic,explicit_loose,multi_layer_toolchains,repro_ready,4947
107,https://github.com/iSoron/uhabits,iSoron/uhabits,True,1,SUCCESS,True,success,2,37,720026,71437,kotlin,True,True,3499421,mobile-development,gradle,semi_automated,specific_os,explicit_machine_readable,single_layer_tool,no_ci_manual_only,9604
108,https://github.com/PhilJay/MPAndroidChart,PhilJay/MPAndroidChart,True,1,SUCCESS,True,success,2,36,540415,68854,Java,True,True,2437367,mobile-development,gradle,semi_automated,cross_platform_generic,explicit_machine_readable,single_layer_tool,no_ci_manual_only,38222
109,https://github.com/koral--/android-gif-drawable,koral--/android-gif-drawable,True,1,SUCCESS,True,success,2,23,648256,43155,kotlin,True,True,1484284,mobile-development,gradle,semi_automated,specific_os,explicit_machine_readable,single_layer_tool,repro_ready,9656
110,https://github.com/FormidableLabs/victory-native,FormidableLabs/victory-native,True,1,SUCCESS,True,success,1,10,160528,17896,typescript,True,True,934885,mobile-development,yarn,semi_automated,cross_platform_generic,explicit_machine_readable,mixed_languages_and_bindings,repro_ready,1998
111,https://github.com/mastodon/mastodon-android,mastodon/mastodon-android,True,1,SUCCESS,True,success,1,3,54602,11268,Java,True,True,234769,mobile-development,gradle,semi_automated,cross_platform_generic,explicit_machine_readable,single_layer_tool,repro_ready,1980
112,https://github.com/GcsSloop/rclayout,GcsSloop/rclayout,True,1,SUCCESS,True,success,2,29,719906,67085,Java,True,True,1663571,mobile-development,gradle,semi_automated,cross_platform_generic,explicit_machine_readable,single_layer_tool,no_ci_manual_only,1987
113,https://github.com/hyperoslo/ImagePicker,hyperoslo/ImagePicker,True,1,SUCCESS,True,success,2,26,340154,29403,swift,True,True,1233384,mobile-development,swiftpm,semi_automated,specific_os,explicit_loose,multi_layer_toolchains,no_ci_manual_only,4902
114,https://github.com/react-native-config/react-native-config,react-native-config/react-native-config,True,1,SUCCESS,True,success,1,12,159186,18387,javascript,True,True,815489,mobile-development,npm,semi_automated,cross_platform_generic,explicit_machine_readable,multi_layer_toolchains,repro_ready,4947
115,https://github.com/armcha/Space-Navigation-View,armcha/Space-Navigation-View,True,1,SUCCESS,True,success,1,14,133941,23695,Java,True,True,739239,mobile-development,gradle,semi_automated,specific_os,explicit_machine_readable,single_layer_tool,no_ci_manual_only,1986
116,https://github.com/BradLarson/GPUImage2,BradLarson/GPUImage2,True,1,SUCCESS,True,success,1,13,162417,19791,swift,True,True,579940,mobile-development,swiftpm,semi_automated,cross_platform_generic,explicit_machine_readable,single_layer_tool,no_ci_manual_only,4937
117,https://github.com/forkingdog/UITableView-FDTemplateLayoutCell,forkingdog/UITableView-FDTemplateLayoutCell,True,1,SUCCESS,True,success,1,7,89179,14934,objc,True,True,392614,mobile-development,cocoapods,manual,specific_os,implicit,single_layer_tool,no_ci_manual_only,9903
118,https://github.com/bilibili/DanmakuFlameMaster,bilibili/DanmakuFlameMaster,True,1,SUCCESS,True,success,2,33,411783,65455,Java,True,True,2090732,mobile-development,gradle,semi_automated,cross_platform_generic,explicit_machine_readable,single_layer_tool,repro_ready,9612
119,https://github.com/googlesamples/easypermissions,googlesamples/easypermissions,True,1,SUCCESS,True,success,1,7,180271,18471,Java,True,True,674026,mobile-development,gradle,semi_automated,cross_platform_generic,explicit_machine_readable,single_layer_tool,repro_ready,9905
120,https://github.com/dotenvx/dotenvx,dotenvx/dotenvx,True,1,SUCCESS,True,success,1,3,64994,8474,JavaScript,True,True,315073,security,npm,semi_automated,cross_platform_generic,explicit_machine_readable,single_layer_tool,repro_ready,4941
121,https://github.com/spaceandtimefdn/blitzar,spaceandtimefdn/blitzar,True,2,SUCCESS,True,success,4,77,1044266,143852,C++,True,True,4518095,security,bazel,semi_automated,specific_os,explicit_machine_readable,mixed_languages_and_bindings,repro_ready,4928
122,https://github.com/mikenicholson/passport-jwt,mikenicholson/passport-jwt,True,1,SUCCESS,True,success,1,4,38917,6461,node,True,True,139960,security,npm,semi_automated,cross_platform_generic,explicit_machine_readable,single_layer_tool,repro_ready,1984
123,https://github.com/certsocietegenerale/FIR,certsocietegenerale/FIR,True,2,FAIL,False,failure,3,59,794240,89419,Python,False,,3846786,security,pip,semi_automated,cross_platform_generic,explicit_machine_readable,single_layer_tool,no_ci_manual_only,1987
124,https://github.com/Qihoo360/poseidon,Qihoo360/poseidon,True,1,SUCCESS,True,success,3,41,527493,102007,multi-language,True,True,2939710,security,gradle,semi_automated,specific_stack_versions,explicit_machine_readable,multi_layer_toolchains,no_ci_manual_only,1991
125,https://github.com/quasar/Quasar,quasar/Quasar,True,1,SUCCESS,True,success,2,35,490575,93207,C#,True,True,916971,security,msbuild,semi_automated,specific_os,explicit_machine_readable,single_layer_tool,repro_ready,9717
126,https://github.com/sqlmapproject/sqlmap,sqlmapproject/sqlmap,True,1,SUCCESS,True,success,1,3,65167,8370,Python,True,True,142198,security,none,semi_automated,cross_platform_generic,implicit,single_layer_tool,repro_ready,36582
127,https://github.com/freedomofpress/dangerzone,freedomofpress/dangerzone,True,1,SUCCESS,True,success,1,6,144995,15560,Python,True,True,386210,security,pip,semi_automated,cross_platform_generic,explicit_loose,multi_layer_toolchains,repro_ready,4938
128,https://github.com/Nekmo/dirhunt,Nekmo/dirhunt,True,1,SUCCESS,True,success,1,9,78212,16233,Python,True,True,368195,security,setuptools,semi_automated,cross_platform_generic,explicit_machine_readable,single_layer_tool,repro_ready,1976
129,https://github.com/x64dbg/x64dbg,x64dbg/x64dbg,True,2,FAIL,False,running,3,43,928001,102899,C/C++,False,,3570715,security,cmake,semi_automated,specific_os,implicit,single_layer_tool,no_ci_manual_only,47722
130,https://github.com/mozilla/cipherscan,mozilla/cipherscan,True,1,SUCCESS,True,success,1,6,66988,19511,python,True,True,369816,security,none,fully_automated,cross_platform_generic,implicit,single_layer_tool,repro_ready,1990
131,https://github.com/pi-hole/pi-hole,pi-hole/pi-hole,True,2,SUCCESS,True,success,2,35,293656,53583,python,True,True,1357852,security,none,fully_automated,specific_os,implicit,single_layer_tool,partial_repro,55635
132,https://github.com/antonioribeiro/google2fa,antonioribeiro/google2fa,True,1,SUCCESS,True,success,2,50,474469,73614,PHP,True,True,2390981,security,composer,semi_automated,cross_platform_generic,explicit_machine_readable,single_layer_tool,repro_ready,1984
133,https://github.com/tmux/tmux,tmux/tmux,True,2,SUCCESS,True,success,1,7,118154,14204,C,True,True,462398,systems-programming,make,semi_automated,cross_platform_generic,implicit,single_layer_tool,no_ci_manual_only,41653
134,https://github.com/duckdb/duckdb,duckdb/duckdb,True,2,FAIL,False,failure,3,30,549322,47306,C++,False,,8378136,systems-programming,cmake,semi_automated,cross_platform_generic,implicit,single_layer_tool,repro_ready,36020
135,https://github.com/qbittorrent/qBittorrent,qbittorrent/qBittorrent,True,2,FAIL,False,failure,5,102,1622782,199271,cpp,False,,10161118,systems-programming,cmake,semi_automated,cross_platform_generic,implicit,single_layer_tool,repro_ready,35480
136,https://github.com/cirruslabs/tart,cirruslabs/tart,True,1,FAIL,False,failure,3,43,588636,56451,Swift,False,,4483197,systems-programming,swiftpm,semi_automated,specific_os,explicit_machine_readable,mixed_languages_and_bindings,repro_ready,4908
137,https://github.com/commaai/openpilot,commaai/openpilot,True,1,SUCCESS,True,success,3,74,1474333,105826,Python,True,True,7311839,systems-programming,scons,semi_automated,custom_hardware_or_drivers,opaque,multi_layer_toolchains,repro_ready,60060
138,https://github.com/tobychui/zoraxy,tobychui/zoraxy,True,1,SUCCESS,True,success,1,5,106627,15363,Go,True,True,602319,systems-programming,go-mod,semi_automated,cross_platform_generic,explicit_machine_readable,single_layer_tool,no_ci_manual_only,4948
139,https://github.com/rvaiya/keyd,rvaiya/keyd,True,1,SUCCESS,True,success,1,7,150694,14966,C,True,True,322934,systems-programming,make,semi_automated,specific_os,implicit,single_layer_tool,no_ci_manual_only,4933
140,https://github.com/NilsIrl/dockerc,NilsIrl/dockerc,True,1,FAIL,False,failure,3,75,1580256,116056,zig,False,,3299134,systems-programming,zig,semi_automated,specific_os,implicit,single_layer_tool,repro_ready,4878
141,https://github.com/qicosmos/rest_rpc,qicosmos/rest_rpc,True,1,SUCCESS,True,success,1,7,90418,14901,C++,True,True,383166,systems-programming,cmake,semi_automated,cross_platform_generic,implicit,single_layer_tool,repro_ready,1987
142,https://github.com/pikvm/pikvm,pikvm/pikvm,True,1,SUCCESS,True,success,1,5,66982,14498,Python,True,True,405039,systems-programming,pip,semi_automated,specific_os,implicit,multi_layer_toolchains,no_ci_manual_only,9763
143,https://github.com/gocircuit/circuit,gocircuit/circuit,True,1,SUCCESS,True,success,1,19,256992,36119,Go,True,True,1109097,systems-programming,go-mod,semi_automated,cross_platform_generic,implicit,single_layer_tool,repro_ready,1982
144,https://github.com/nodejs/node,nodejs/node,True,2,SUCCESS,True,success,2,24,337503,40280,C/C++,True,True,3597551,systems-programming,make,semi_automated,cross_platform_generic,implicit,multi_layer_toolchains,repro_ready,115684
145,https://github.com/ziglang/zig,ziglang/zig,True,1,FAIL,False,failure,3,67,1184187,123316,zig,False,,12153500,systems-programming,zig,semi_automated,cross_platform_generic,implicit,multi_layer_toolchains,repro_ready,42677
146,https://github.com/pojntfx/weron,pojntfx/weron,True,1,SUCCESS,True,success,1,2,58553,5710,Go,True,True,156566,systems-programming,go-mod,semi_automated,cross_platform_generic,explicit_machine_readable,single_layer_tool,repro_ready,1985
147,https://github.com/s3fs-fuse/s3fs-fuse,s3fs-fuse/s3fs-fuse,True,1,SUCCESS,True,success,1,3,47386,8822,C/C++,True,True,206435,systems-programming,make,semi_automated,cross_platform_generic,implicit,single_layer_tool,repro_ready,9687
148,https://github.com/apache/maven,apache/maven,True,1,SUCCESS,True,success,2,33,572987,50960,Java,True,True,2262375,devops,maven,fully_automated,cross_platform_generic,explicit_machine_readable,single_layer_tool,repro_ready,4951
149,https://github.com/daytonaio/daytona,daytonaio/daytona,True,1,SUCCESS,True,success,1,3,57962,6058,typescript,True,True,651029,devops,go-mod,semi_automated,cross_platform_generic,explicit_machine_readable,mixed_languages_and_bindings,repro_ready,55034
150,https://github.com/docker/compose,docker/compose,True,1,SUCCESS,True,success,1,5,123901,12712,Go,True,True,281437,devops,go-mod,semi_automated,cross_platform_generic,explicit_machine_readable,single_layer_tool,repro_ready,36970
151,https://github.com/xdissent/ievms,xdissent/ievms,True,1,SUCCESS,True,success,1,15,223588,22648,bash,True,True,692172,devops,none,semi_automated,specific_os,implicit,single_layer_tool,no_ci_manual_only,9791
152,https://github.com/coollabsio/coolify,coollabsio/coolify,True,1,SUCCESS,True,success,2,50,934255,80938,PHP,True,True,3569413,devops,composer,semi_automated,cross_platform_generic,explicit_machine_readable,multi_layer_toolchains,partial_repro,50543
153,https://github.com/nezhahq/nezha,nezhahq/nezha,True,1,SUCCESS,True,success,2,43,1091219,91206,go,True,True,2306704,devops,go-mod,semi_automated,cross_platform_generic,explicit_machine_readable,single_layer_tool,repro_ready,9744
154,https://github.com/fatedier/frp,fatedier/frp,True,1,SUCCESS,True,success,1,3,42172,11848,Go,True,True,326392,devops,go-mod,semi_automated,cross_platform_generic,explicit_machine_readable,single_layer_tool,repro_ready,104439
155,https://github.com/docker-easyconnect/docker-easyconnect,docker-easyconnect/docker-easyconnect,True,1,SUCCESS,True,success,2,50,835383,104972,go,True,True,2973107,devops,docker,semi_automated,cross_platform_generic,implicit,single_layer_tool,repro_ready,4938
156,https://github.com/GoogleCloudPlatform/PerfKitBenchmarker,GoogleCloudPlatform/PerfKitBenchmarker,True,1,SUCCESS,True,success,1,20,265750,29434,Python,True,True,1128796,devops,pip,fully_automated,cross_platform_generic,explicit_loose,single_layer_tool,repro_ready,1995
157,https://github.com/Kong/kong,Kong/kong,True,1,SUCCESS,True,success,1,8,172928,24934,lua,True,True,619382,devops,go-mod,semi_automated,specific_os,explicit_machine_readable,single_layer_tool,repro_ready,42733
158,https://github.com/spinnaker/spinnaker,spinnaker/spinnaker,True,1,FAIL,False,failure,3,67,1438159,108527,Java,False,,10896035,devops,gradle,manual,cross_platform_generic,implicit,multi_layer_toolchains,no_ci_manual_only,9686
159,https://github.com/metalbear-co/mirrord,metalbear-co/mirrord,True,1,FAIL,False,failure,3,71,1759443,194214,Rust,False,,8667456,devops,cargo,semi_automated,cross_platform_generic,explicit_loose,multi_layer_toolchains,repro_ready,4931
160,https://github.com/pola-rs/polars,pola-rs/polars,True,2,FAIL,False,error,3,71,1580208,134462,rust,False,,12792223,data-science,cargo,semi_automated,cross_platform_generic,explicit_machine_readable,multi_layer_toolchains,repro_ready,37364
161,https://github.com/thomasp85/gganimate,thomasp85/gganimate,True,1,FAIL,False,failure,3,49,470936,71430,R,False,,10145211,data-science,none,semi_automated,cross_platform_generic,explicit_loose,single_layer_tool,repro_ready,1979
162,https://github.com/pathwaycom/pathway,pathwaycom/pathway,True,1,FAIL,False,failure,3,70,2134172,254008,Rust,False,,4871492,data-science,pip,semi_automated,cross_platform_generic,explicit_machine_readable,mixed_languages_and_bindings,repro_ready,59318
163,https://github.com/rapidsai/cudf,rapidsai/cudf,True,1,FAIL,False,failure,3,63,1303374,100107,C++/Python,False,,10305906,data-science,cmake,semi_automated,custom_hardware_or_drivers,explicit_machine_readable,multi_layer_toolchains,repro_ready,9483
164,https://github.com/dlt-hub/dlt,dlt-hub/dlt,True,1,FAIL,False,failure,3,61,1075492,82268,Python,False,,5664927,data-science,pip,semi_automated,cross_platform_generic,explicit_loose,single_layer_tool,repro_ready,4903
165,https://github.com/tidyverse/dplyr,tidyverse/dplyr,True,1,FAIL,False,failure,3,68,1086599,92908,R,False,,8504025,data-science,none,semi_automated,cross_platform_generic,explicit_loose,single_layer_tool,repro_ready,4997
166,https://github.com/joelgrus/data-science-from-scratch,joelgrus/data-science-from-scratch,True,1,SUCCESS,True,success,1,5,47434,11904,Python,True,True,372038,data-science,pip,semi_automated,cross_platform_generic,explicit_loose,single_layer_tool,no_ci_manual_only,9481
167,https://github.com/BlankerL/DXY-COVID-19-Crawler,BlankerL/DXY-COVID-19-Crawler,True,1,SUCCESS,True,success,1,9,77492,16428,Python,True,True,394240,data-science,pip,semi_automated,cross_platform_generic,explicit_machine_readable,single_layer_tool,no_ci_manual_only,1979
168,https://github.com/axiaoxin-com/investool,axiaoxin-com/investool,True,1,SUCCESS,True,success,1,3,85515,9603,Go,True,True,224353,data-science,go-mod,semi_automated,cross_platform_generic,explicit_machine_readable,single_layer_tool,repro_ready,1979
169,https://github.com/newlinedotco/FlappySwift,newlinedotco/FlappySwift,True,1,SUCCESS,True,success,3,38,475504,68842,Swift,True,True,1613441,game-development,none,manual,specific_os,implicit,single_layer_tool,no_ci_manual_only,9704
170,https://github.com/EsotericSoftware/spine-runtimes,EsotericSoftware/spine-runtimes,True,1,SUCCESS,True,success,1,11,184874,15801,cpp,True,True,537534,game-development,cmake,manual,cross_platform_generic,explicit_loose,mixed_languages_and_bindings,no_ci_manual_only,4986
171,https://github.com/IzzelAliz/Arclight,IzzelAliz/Arclight,True,1,FAIL,False,failure,3,75,1565363,135365,Java,False,,5806518,game-development,gradle,semi_automated,cross_platform_generic,explicit_machine_readable,single_layer_tool,repro_ready,1982
172,https://github.com/egametang/ET,egametang/ET,True,1,SUCCESS,True,success,2,42,1136621,88258,csharp,True,True,1644177,game-development,none,semi_automated,cross_platform_generic,implicit,single_layer_tool,no_ci_manual_only,9673
173,https://github.com/turbulenz/turbulenz_engine,turbulenz/turbulenz_engine,True,1,SUCCESS,True,success,2,29,360076,35966,typescript,True,True,4714974,game-development,make,semi_automated,cross_platform_generic,explicit_machine_readable,single_layer_tool,no_ci_manual_only,4889
174,https://github.com/TianZerL/Anime4KCPP,TianZerL/Anime4KCPP,True,1,SUCCESS,True,success,1,7,76534,11162,C++,True,True,446569,scientific-computing,cmake,semi_automated,cross_platform_generic,implicit,single_layer_tool,no_ci_manual_only,1977
175,https://github.com/pymc-devs/pymc,pymc-devs/pymc,True,1,FAIL,False,failure,3,75,932957,117500,Python,False,,5642068,scientific-computing,poetry,semi_automated,cross_platform_generic,explicit_machine_readable,single_layer_tool,repro_ready,9480
176,https://github.com/quantumlib/Cirq,quantumlib/Cirq,True,1,FAIL,False,failure,3,59,1111549,101543,Python,False,,4779814,scientific-computing,setuptools,semi_automated,cross_platform_generic,explicit_loose,single_layer_tool,repro_ready,4867
177,https://github.com/biopython/biopython,biopython/biopython,True,1,FAIL,False,failure,3,45,769577,75068,Python,False,,3484410,scientific-computing,setuptools,semi_automated,cross_platform_generic,explicit_loose,single_layer_tool,repro_ready,4895
178,https://github.com/carbon-app/carbon,carbon-app/carbon,True,1,SUCCESS,True,success,1,13,253699,32048,JavaScript,True,True,2147600,web-development,yarn,semi_automated,cross_platform_generic,explicit_machine_readable,single_layer_tool,repro_ready,35890
179,https://github.com/facebook/react,facebook/react,True,3,SUCCESS,True,success,4,92,1163729,147551,,True,True,9016122,web-development,yarn,semi_automated,cross_platform_generic,explicit_machine_readable,single_layer_tool,repro_ready,242937
180,https://github.com/strapi/strapi,strapi/strapi,True,1,FAIL,False,failure,3,61,1184478,87700,JavaScript,False,,2888406,web-development,yarn,semi_automated,cross_platform_generic,explicit_machine_readable,single_layer_tool,repro_ready,71282
181,https://github.com/babel/babel,babel/babel,True,1,FAIL,False,failure,3,75,1608754,110207,javascript,False,,3626726,web-development,yarn,semi_automated,cross_platform_generic,explicit_machine_readable,single_layer_tool,repro_ready,43878
182,https://github.com/xyflow/xyflow,xyflow/xyflow,True,1,SUCCESS,True,success,2,30,431561,62330,javascript,True,True,2033520,web-development,pnpm,semi_automated,cross_platform_generic,explicit_machine_readable,multi_layer_toolchains,repro_ready,35185
183,https://github.com/RSSNext/Folo,RSSNext/Folo,True,1,SUCCESS,True,success,1,9,178419,20452,node,True,True,1759340,utilities,pnpm,semi_automated,cross_platform_generic,explicit_machine_readable,multi_layer_toolchains,no_ci_manual_only,37132
184,https://github.com/sveltejs/svelte,sveltejs/svelte,True,1,FAIL,False,failure,3,63,1090670,124947,TypeScript,False,,4029387,web-development,pnpm,semi_automated,cross_platform_generic,explicit_machine_readable,single_layer_tool,repro_ready,85743
185,https://github.com/baiy/Ctool,baiy/Ctool,True,1,FAIL,False,failure,3,45,642029,71977,typescript,False,,2380146,utilities,pnpm,semi_automated,cross_platform_generic,explicit_machine_readable,single_layer_tool,no_ci_manual_only,1976
186,https://github.com/opennextjs/opennextjs-aws,opennextjs/opennextjs-aws,True,2,SUCCESS,True,success,4,61,803367,106418,JavaScript,True,True,4355928,devops,pnpm,semi_automated,cross_platform_generic,explicit_machine_readable,multi_layer_toolchains,repro_ready,4933
187,https://github.com/nuxt/nuxt,nuxt/nuxt,True,2,SUCCESS,True,success,1,8,167742,16390,javascript,True,True,487461,web-development,pnpm,semi_automated,cross_platform_generic,explicit_machine_readable,single_layer_tool,repro_ready,59550
188,https://github.com/tensorflow/tensorflow,tensorflow/tensorflow,True,2,SUCCESS,True,success,2,39,598974,91058,Python,True,True,5258464,machine-learning,bazel,semi_automated,cross_platform_generic,explicit_machine_readable,single_layer_tool,repro_ready,193692
189,https://github.com/google/closure-library,google/closure-library,True,1,SUCCESS,True,success,3,57,682426,81995,JavaScript,True,True,2560394,web-development,bazel,manual,cross_platform_generic,implicit,single_layer_tool,no_ci_manual_only,4903
190,https://github.com/SeleniumHQ/selenium,SeleniumHQ/selenium,True,1,SUCCESS,True,success,1,15,250110,27110,Java,True,True,1332540,utilities,bazel,semi_automated,cross_platform_generic,explicit_machine_readable,multi_layer_toolchains,repro_ready,34001
191,https://github.com/ageitgey/face_recognition,ageitgey/face_recognition,True,2,FAIL,False,failure,3,48,340229,62237,Python,False,,9066460,machine-learning,setuptools,semi_automated,cross_platform_generic,explicit_loose,single_layer_tool,repro_ready,56112
192,https://github.com/cuemacro/findatapy,cuemacro/findatapy,True,1,SUCCESS,True,success,2,22,250669,24020,Python,True,True,1758914,data-science,setuptools,semi_automated,cross_platform_generic,explicit_loose,single_layer_tool,no_ci_manual_only,1977
193,https://github.com/openai/gym,openai/gym,True,1,FAIL,False,failure,3,74,961823,110393,Python,False,,5326044,machine-learning,setuptools,semi_automated,specific_os,explicit_loose,single_layer_tool,repro_ready,37033
194,https://github.com/deepcharles/ruptures,deepcharles/ruptures,True,2,FAIL,False,failure,3,75,838068,96520,Python,False,,4362989,machine-learning,setuptools,semi_automated,cross_platform_generic,explicit_loose,single_layer_tool,repro_ready,1983
195,https://github.com/s3tools/s3cmd,s3tools/s3cmd,True,1,SUCCESS,True,success,1,3,25331,5935,Python,True,True,106559,utilities,setuptools,semi_automated,cross_platform_generic,explicit_machine_readable,single_layer_tool,repro_ready,4861
196,https://github.com/Theano/Theano,Theano/Theano,True,1,FAIL,False,failure,3,46,513374,52223,Python,False,,2137119,machine-learning,setuptools,semi_automated,cross_platform_generic,explicit_loose,multi_layer_toolchains,repro_ready,9986
197,https://github.com/mamedev/mame,mamedev/mame,True,1,SUCCESS,True,success,2,37,566378,50003,C/C++,True,True,5456703,systems-programming,make,semi_automated,cross_platform_generic,implicit,single_layer_tool,repro_ready,9902
198,https://github.com/XUANTIE-RV/wujian100_open,XUANTIE-RV/wujian100_open,True,1,FAIL,False,failure,3,63,1020567,110371,C,False,,3903918,systems-programming,make,semi_automated,specific_os,implicit,multi_layer_toolchains,no_ci_manual_only,1988
199,https://github.com/hbons/SparkleShare,hbons/SparkleShare,True,1,FAIL,False,failure,3,34,348909,74649,C#,False,,4410108,utilities,meson,semi_automated,cross_platform_generic,implicit,single_layer_tool,no_ci_manual_only,4947
200,https://github.com/alainm23/planify,alainm23/planify,True,2,FAIL,False,failure,3,38,593179,101523,vala,False,,1998666,utilities,meson,semi_automated,specific_os,implicit,single_layer_tool,no_ci_manual_only,4952
201,https://github.com/Genymobile/scrcpy,Genymobile/scrcpy,True,1,SUCCESS,True,success,1,7,113756,10779,c,True,True,531049,utilities,meson,semi_automated,cross_platform_generic,implicit,single_layer_tool,no_ci_manual_only,135486
202,https://github.com/facebookincubator/spectrum,facebookincubator/spectrum,True,1,SUCCESS,True,success,2,45,732167,60888,java,True,True,2928950,mobile-development,cmake,semi_automated,specific_os,implicit,multi_layer_toolchains,repro_ready,1979
203,https://github.com/stlink-org/stlink,stlink-org/stlink,True,1,SUCCESS,True,success,1,14,244839,16409,C,True,True,494296,systems-programming,cmake,semi_automated,cross_platform_generic,implicit,single_layer_tool,repro_ready,4975
204,https://github.com/rust-lang/git2-rs,rust-lang/git2-rs,True,1,FAIL,False,failure,3,65,1312157,148645,Rust,False,,4145949,systems-programming,cargo,semi_automated,cross_platform_generic,explicit_machine_readable,single_layer_tool,repro_ready,1999
205,https://github.com/apache/opendal,apache/opendal,True,1,SUCCESS,True,success,2,40,684818,82526,Rust,True,True,4213980,systems-programming,cargo,semi_automated,cross_platform_generic,explicit_loose,multi_layer_toolchains,repro_ready,4882
206,https://github.com/biliup/biliup,biliup/biliup,True,1,FAIL,False,failure,3,60,1117753,129046,Python,False,,9198102,utilities,cargo,semi_automated,cross_platform_generic,explicit_machine_readable,mixed_languages_and_bindings,repro_ready,4892
207,https://github.com/FuelLabs/fuel-core,FuelLabs/fuel-core,True,1,FAIL,False,failure,3,22,290090,29294,Rust,False,,3091802,systems-programming,cargo,semi_automated,cross_platform_generic,explicit_machine_readable,multi_layer_toolchains,repro_ready,57376
208,https://github.com/quinn-rs/quinn,quinn-rs/quinn,True,1,SUCCESS,True,success,1,15,203029,26466,Rust,True,True,966956,systems-programming,cargo,semi_automated,cross_platform_generic,explicit_loose,single_layer_tool,repro_ready,4884
209,https://github.com/nushell/nushell,nushell/nushell,True,1,SUCCESS,True,success,1,13,244258,17291,Rust,True,True,1501951,systems-programming,cargo,semi_automated,cross_platform_generic,explicit_machine_readable,single_layer_tool,repro_ready,38280
210,https://github.com/Automattic/harper,Automattic/harper,True,1,FAIL,False,failure,3,43,625818,51585,Rust + Node.js,False,,7287489,utilities,cargo,semi_automated,cross_platform_generic,explicit_machine_readable,multi_layer_toolchains,repro_ready,9800
211,https://github.com/matter-labs/zksync,matter-labs/zksync,True,1,FAIL,False,failure,3,50,714979,100835,Rust,False,,4945318,systems-programming,cargo,semi_automated,cross_platform_generic,explicit_machine_readable,multi_layer_toolchains,repro_ready,4949
212,https://github.com/spieglt/FlyingCarpet,spieglt/FlyingCarpet,True,1,SUCCESS,True,success,2,48,928318,69437,Rust,True,True,7824704,utilities,cargo,manual,cross_platform_generic,explicit_machine_readable,mixed_languages_and_bindings,no_ci_manual_only,4947
213,https://github.com/AmanVarshney01/create-better-t-stack,AmanVarshney01/create-better-t-stack,True,1,SUCCESS,True,success,1,5,81373,11832,TypeScript/JavaScript,True,True,418977,utilities,bun,fully_automated,cross_platform_generic,explicit_machine_readable,single_layer_tool,repro_ready,4883
214,https://github.com/21st-dev/1code,21st-dev/1code,True,1,SUCCESS,True,success,1,23,497160,36163,JavaScript,True,True,1752576,utilities,bun,semi_automated,cross_platform_generic,explicit_machine_readable,multi_layer_toolchains,repro_ready,4893
215,https://github.com/nimbusdotstorage/Nimbus,nimbusdotstorage/Nimbus,True,1,FAIL,False,failure,3,74,1047812,148521,typescript,False,,3901641,web-development,bun,semi_automated,cross_platform_generic,explicit_machine_readable,single_layer_tool,no_ci_manual_only,1979
216,https://github.com/anomalyco/opencode,anomalyco/opencode,True,1,SUCCESS,True,success,1,3,47382,10524,typescript,True,True,218881,utilities,bun,semi_automated,cross_platform_generic,explicit_machine_readable,mixed_languages_and_bindings,repro_ready,102423
217,https://github.com/lostindark/DriverStoreExplorer,lostindark/DriverStoreExplorer,True,1,FAIL,False,failure,3,55,548560,154965,C#,False,,1831409,utilities,dotnet,semi_automated,specific_os,explicit_machine_readable,single_layer_tool,repro_ready,9505
218,https://github.com/bchavez/Bogus,bchavez/Bogus,True,1,SUCCESS,True,success,1,9,138464,20341,C#,True,True,752335,utilities,dotnet,semi_automated,cross_platform_generic,explicit_machine_readable,single_layer_tool,repro_ready,9597
219,https://github.com/ShareX/ShareX,ShareX/ShareX,True,1,FAIL,False,failure,3,77,1269797,228655,C#,False,,3231077,utilities,dotnet,semi_automated,specific_os,implicit,single_layer_tool,repro_ready,35586
220,https://github.com/protobuf-net/protobuf-net,protobuf-net/protobuf-net,True,2,FAIL,False,failure,3,7,100226,13208,C#,False,,1279537,utilities,dotnet,semi_automated,cross_platform_generic,explicit_machine_readable,single_layer_tool,repro_ready,4932
221,https://github.com/2dust/v2rayN,2dust/v2rayN,True,1,SUCCESS,True,success,3,68,1253043,116460,C#,True,True,3349722,utilities,dotnet,semi_automated,cross_platform_generic,explicit_machine_readable,single_layer_tool,repro_ready,96640
222,https://github.com/MicaForEveryone/MicaForEveryone,MicaForEveryone/MicaForEveryone,True,1,FAIL,False,failure,3,75,904491,142607,C#,False,,2460359,utilities,dotnet,semi_automated,specific_os,explicit_machine_readable,single_layer_tool,repro_ready,4973
223,https://github.com/roncoo/roncoo-pay,roncoo/roncoo-pay,True,1,SUCCESS,True,success,1,18,388392,40885,Java,True,True,1178767,web-development,maven,manual,cross_platform_generic,explicit_machine_readable,single_layer_tool,no_ci_manual_only,4959
224,https://github.com/macrozheng/mall,macrozheng/mall,True,2,FAIL,False,failure,3,0,0,0,java,False,,18781,web-development,maven,semi_automated,cross_platform_generic,explicit_machine_readable,single_layer_tool,no_ci_manual_only,82894
225,https://github.com/oven-sh/bun,oven-sh/bun,True,1,FAIL,False,failure,3,57,954616,108960,C++,False,,3049999,utilities,zig,semi_automated,cross_platform_generic,implicit,single_layer_tool,repro_ready,87242
226,https://github.com/base/node,base/node,True,1,SUCCESS,True,success,1,9,97610,17936,Go,True,True,1185383,devops,docker,semi_automated,cross_platform_generic,explicit_machine_readable,multi_layer_toolchains,repro_ready,68781
227,https://github.com/taigaio/taiga-docker,taigaio/taiga-docker,True,1,SUCCESS,True,success,1,7,52918,14439,Python,True,True,300735,devops,docker,semi_automated,cross_platform_generic,implicit,single_layer_tool,no_ci_manual_only,1978
228,https://github.com/huiyadanli/RevokeMsgPatcher,huiyadanli/RevokeMsgPatcher,True,1,FAIL,False,failure,3,59,686814,141925,C#,False,,1669152,utilities,msbuild,semi_automated,specific_os,explicit_machine_readable,single_layer_tool,repro_ready,36795
229,https://github.com/shadowsocks/shadowsocks-windows,shadowsocks/shadowsocks-windows,True,1,FAIL,False,failure,3,57,1033135,165922,C#,False,,1884765,security,msbuild,semi_automated,specific_os,explicit_machine_readable,single_layer_tool,repro_ready,59236
230,https://github.com/tporadowski/redis,tporadowski/redis,True,1,FAIL,False,failure,3,52,753314,132243,C,False,,1564410,systems-programming,msbuild,semi_automated,specific_os,implicit,single_layer_tool,no_ci_manual_only,9980
231,https://github.com/Flipper-XFW/Xtreme-Firmware,Flipper-XFW/Xtreme-Firmware,True,1,SUCCESS,True,success,2,32,452157,45228,Python,True,True,1320302,systems-programming,scons,semi_automated,cross_platform_generic,implicit,single_layer_tool,no_ci_manual_only,9837
232,https://github.com/aFarkas/html5shiv,aFarkas/html5shiv,True,1,SUCCESS,True,success,1,2,13597,6464,JavaScript,True,True,160215,web-development,grunt,semi_automated,cross_platform_generic,explicit_loose,multi_layer_toolchains,no_ci_manual_only,9874
233,https://github.com/jsor/jcarousel,jsor/jcarousel,True,1,SUCCESS,True,success,1,7,106040,12704,JavaScript,True,True,401153,web-development,grunt,semi_automated,cross_platform_generic,implicit,single_layer_tool,no_ci_manual_only,1977
234,https://github.com/castwide/solargraph,castwide/solargraph,True,1,SUCCESS,True,success,1,13,181440,19876,Ruby,True,True,1281269,utilities,bundler,semi_automated,cross_platform_generic,explicit_machine_readable,single_layer_tool,repro_ready,1993
235,https://github.com/ruby-grape/grape,ruby-grape/grape,True,1,SUCCESS,True,success,1,20,197492,35950,Ruby,True,True,1264705,web-development,bundler,semi_automated,cross_platform_generic,explicit_machine_readable,single_layer_tool,repro_ready,9985
236,https://github.com/fossasia/badgemagic-app,fossasia/badgemagic-app,True,1,FAIL,False,failure,3,73,1104834,126006,dart,False,,4565741,mobile-development,flutter,semi_automated,cross_platform_generic,explicit_loose,single_layer_tool,no_ci_manual_only,1984
237,https://github.com/KaringX/karing,KaringX/karing,True,1,SUCCESS,True,success,1,18,308466,35221,kotlin,True,True,1283453,utilities,flutter,semi_automated,cross_platform_generic,explicit_machine_readable,single_layer_tool,no_ci_manual_only,9587
238,https://github.com/ComicSparks/jasmine,ComicSparks/jasmine,True,1,FAIL,False,failure,3,55,965946,86727,dart,False,,6949607,mobile-development,flutter,semi_automated,cross_platform_generic,explicit_loose,multi_layer_toolchains,repro_ready,4940
239,https://github.com/jgm/pandoc,jgm/pandoc,True,1,FAIL,False,failure,3,71,1455670,118612,Haskell,False,,14743946,utilities,cabal,semi_automated,cross_platform_generic,explicit_loose,single_layer_tool,repro_ready,42027
240,https://github.com/inkonchain/node,inkonchain/node,True,1,SUCCESS,True,success,1,17,121532,38380,bash,True,True,646816,devops,docker-compose,semi_automated,specific_os,implicit,single_layer_tool,repro_ready,36812
241,https://github.com/IAmStoxe/wirehole,IAmStoxe/wirehole,True,1,SUCCESS,True,success,1,3,37666,8054,Docker,True,True,224251,devops,docker-compose,semi_automated,cross_platform_generic,explicit_loose,single_layer_tool,no_ci_manual_only,4948
242,https://github.com/exelban/stats,exelban/stats,True,1,SUCCESS,True,success,2,13,273990,20441,Swift,True,True,689580,utilities,xcode,manual,specific_os,implicit,multi_layer_toolchains,no_ci_manual_only,36401
243,https://github.com/electric-sql/electric,electric-sql/electric,True,1,SUCCESS,True,success,1,14,222042,37658,Elixir,True,True,2495605,systems-programming,mix,semi_automated,cross_platform_generic,explicit_machine_readable,multi_layer_toolchains,repro_ready,9874
244,https://github.com/anoma/anoma,anoma/anoma,True,1,FAIL,False,failure,3,55,827589,78855,Elixir,False,,8038170,systems-programming,mix,semi_automated,cross_platform_generic,explicit_machine_readable,single_layer_tool,repro_ready,34071
245,https://github.com/commanded/commanded,commanded/commanded,True,1,SUCCESS,True,success,1,14,211858,23593,Elixir,True,True,694142,utilities,mix,semi_automated,cross_platform_generic,explicit_machine_readable,single_layer_tool,repro_ready,1985
246,https://github.com/pentacent/keila,pentacent/keila,True,1,SUCCESS,True,success,1,12,254334,17349,Elixir,True,True,1457719,web-development,mix,semi_automated,cross_platform_generic,explicit_machine_readable,multi_layer_toolchains,repro_ready,1981
247,https://github.com/levey/AwesomeMenu,levey/AwesomeMenu,True,1,SUCCESS,True,success,1,11,145157,23109,objc,True,True,590797,mobile-development,cocoapods,manual,specific_os,implicit,multi_layer_toolchains,no_ci_manual_only,4986
248,https://github.com/KrauseFx/TSMessages,KrauseFx/TSMessages,True,1,SUCCESS,True,success,2,35,462622,46612,objc,True,True,1678242,mobile-development,cocoapods,semi_automated,specific_os,explicit_machine_readable,multi_layer_toolchains,no_ci_manual_only,4868
249,https://github.com/TEN-framework/ten-framework,TEN-framework/ten-framework,True,1,SUCCESS,True,success,3,53,956327,104365,multilang,True,True,3205136,machine-learning,gn,semi_automated,cross_platform_generic,explicit_machine_readable,multi_layer_toolchains,repro_ready,9869
250,https://github.com/apple/swift-protobuf,apple/swift-protobuf,True,1,SUCCESS,True,success,1,5,99340,13400,Swift,True,True,798596,utilities,swiftpm,semi_automated,cross_platform_generic,explicit_loose,single_layer_tool,repro_ready,4877
251,https://github.com/openid/AppAuth-iOS,openid/AppAuth-iOS,True,1,FAIL,False,failure,3,54,1020255,79509,Swift,False,,2436660,mobile-development,swiftpm,semi_automated,specific_os,explicit_loose,multi_layer_toolchains,repro_ready,1975
252,https://github.com/Quick/Quick,Quick/Quick,True,1,SUCCESS,True,success,3,69,965244,134843,swift,True,True,3752902,mobile-development,swiftpm,fully_automated,specific_os,explicit_loose,multi_layer_toolchains,repro_ready,9844
253,https://github.com/Ranchero-Software/NetNewsWire,Ranchero-Software/NetNewsWire,True,1,SUCCESS,True,success,2,12,226041,25595,swift,True,True,677153,mobile-development,swiftpm,semi_automated,specific_os,explicit_machine_readable,single_layer_tool,repro_ready,9639
254,https://github.com/tldev/posturr,tldev/posturr,True,1,FAIL,False,failure,3,47,532808,81815,Swift,False,,1997740,utilities,swiftpm,semi_automated,specific_os,implicit,single_layer_tool,no_ci_manual_only,1978
255,https://github.com/apache/cassandra,apache/cassandra,True,1,SUCCESS,True,success,3,33,812677,50189,Java,True,True,1905605,systems-programming,ant,semi_automated,cross_platform_generic,implicit,multi_layer_toolchains,repro_ready,9618
256,https://github.com/refactory-id/bootstrap-markdown,refactory-id/bootstrap-markdown,True,1,SUCCESS,True,success,1,6,53819,12462,javascript,True,True,427411,web-development,bower,manual,cross_platform_generic,explicit_loose,single_layer_tool,no_ci_manual_only,1980
257,https://github.com/jschr/bootstrap-modal,jschr/bootstrap-modal,True,1,SUCCESS,True,success,1,11,160320,11741,javascript,True,True,307528,web-development,bower,manual,cross_platform_generic,explicit_loose,single_layer_tool,no_ci_manual_only,4972
258,https://github.com/rasbt/machine-learning-book,rasbt/machine-learning-book,True,2,FAIL,False,failure,3,0,0,0,python,False,,27354,education,conda,semi_automated,cross_platform_generic,explicit_machine_readable,single_layer_tool,no_ci_manual_only,4980
259,https://github.com/google/pebble,google/pebble,True,1,FAIL,False,failure,3,66,1250016,142183,C/C++ (Emscripten),False,,6499941,systems-programming,waf,semi_automated,custom_hardware_or_drivers,implicit,multi_layer_toolchains,no_ci_manual_only,4962
260,https://github.com/TimOliver/TOCropViewController,TimOliver/TOCropViewController,True,1,SUCCESS,True,success,1,7,58894,11975,swift,True,True,357692,mobile-development,carthage,semi_automated,specific_os,explicit_loose,multi_layer_toolchains,repro_ready,4912
261,https://github.com/MojoJolo/textteaser,MojoJolo/textteaser,True,1,FAIL,False,failure,3,75,494710,107598,scala,False,,4260562,machine-learning,sbt,semi_automated,cross_platform_generic,explicit_machine_readable,single_layer_tool,no_ci_manual_only,1975
262,https://github.com/sbt/sbt,sbt/sbt,True,1,FAIL,False,failure,3,69,1440343,120467,scala,False,,3692382,utilities,sbt,semi_automated,cross_platform_generic,explicit_machine_readable,single_layer_tool,repro_ready,4898
263,https://github.com/kmonad/kmonad,kmonad/kmonad,True,1,SUCCESS,True,success,2,38,386449,66086,Haskell,True,True,4128900,systems-programming,stack,semi_automated,cross_platform_generic,explicit_loose,single_layer_tool,no_ci_manual_only,4896
264,https://github.com/rubygems/bundler,rubygems/bundler,True,1,SUCCESS,True,success,1,6,117157,16321,Ruby,True,True,402059,utilities,gem,semi_automated,cross_platform_generic,explicit_machine_readable,single_layer_tool,repro_ready,4883
265,https://github.com/reagent-project/reagent,reagent-project/reagent,True,1,SUCCESS,True,success,1,7,140167,14485,clojure,True,True,659876,web-development,leiningen,semi_automated,cross_platform_generic,explicit_machine_readable,multi_layer_toolchains,repro_ready,4860
266,https://github.com/auto-ssl/lua-resty-auto-ssl,auto-ssl/lua-resty-auto-ssl,True,1,SUCCESS,True,success,1,6,59641,15787,lua,True,True,374618,security,luarocks,semi_automated,cross_platform_generic,explicit_machine_readable,single_layer_tool,repro_ready,1979
267,https://github.com/lunarmodules/luasocket,lunarmodules/luasocket,True,1,FAIL,False,failure,3,61,492431,126673,Lua,False,,3475026,systems-programming,luarocks,semi_automated,cross_platform_generic,explicit_loose,single_layer_tool,repro_ready,1997
268,https://github.com/chaostoolkit/chaostoolkit,chaostoolkit/chaostoolkit,True,1,SUCCESS,True,success,1,23,244223,39919,Python,True,True,1880543,devops,pdm,semi_automated,cross_platform_generic,explicit_machine_readable,single_layer_tool,repro_ready,1996
269,https://github.com/JideGuru/FlutterSocialAppUIKit,JideGuru/FlutterSocialAppUIKit,True,1,FAIL,False,failure,3,70,696797,112887,dart,False,,4715691,mobile-development,pub,semi_automated,cross_platform_generic,explicit_loose,single_layer_tool,no_ci_manual_only,1984
270,https://github.com/bluefireteam/photo_view,bluefireteam/photo_view,True,1,SUCCESS,True,success,1,3,21745,8196,dart,True,True,705233,mobile-development,pub,semi_automated,cross_platform_generic,explicit_loose,single_layer_tool,repro_ready,1991
271,https://github.com/xamarin/XamarinComponents,xamarin/XamarinComponents,True,1,FAIL,False,failure,3,30,536077,62130,csharp,False,,2110241,mobile-development,cake,semi_automated,cross_platform_generic,implicit,single_layer_tool,partial_repro,1982
272,https://github.com/probablycorey/wax,probablycorey/wax,True,1,SUCCESS,True,success,3,58,562588,119815,Ruby,True,True,2386677,mobile-development,rake,semi_automated,specific_os,implicit,multi_layer_toolchains,no_ci_manual_only,1975
273,https://github.com/sherlock-project/sherlock,sherlock-project/sherlock,True,1,SUCCESS,True,success,1,6,40374,14232,Python,True,True,287458,security,none,reverse_engineering,cross_platform_generic,implicit,single_layer_tool,no_ci_manual_only,72629
274,https://github.com/deepseek-ai/DeepSeek-V2,deepseek-ai/DeepSeek-V2,True,1,FAIL,False,failure,3,69,1624236,119817,python,False,,10845716,machine-learning,none,reverse_engineering,cross_platform_generic,implicit,single_layer_tool,no_ci_manual_only,4996
275,https://github.com/roboticcam/machine-learning-notes,roboticcam/machine-learning-notes,True,1,SUCCESS,True,success,1,8,311464,11365,Python,True,True,397896,education,none,reverse_engineering,cross_platform_generic,implicit,single_layer_tool,no_ci_manual_only,9577
276,https://github.com/sharmajv/vpn,sharmajv/vpn,True,1,SUCCESS,True,success,2,29,1102674,48665,bash,True,True,1312050,mobile-development,none,reverse_engineering,specific_os,implicit,single_layer_tool,no_ci_manual_only,4894
277,https://github.com/xl7dev/WebShell,xl7dev/WebShell,True,1,SUCCESS,True,success,3,65,1465567,134134,java,True,True,2925390,security,none,reverse_engineering,cross_platform_generic,implicit,mixed_languages_and_bindings,no_ci_manual_only,1988
278,https://github.com/mil-tokyo/webdnn,mil-tokyo/webdnn,True,1,SUCCESS,True,success,1,25,262920,43667,JavaScript,True,True,1564068,machine-learning,yarn,semi_automated,specific_stack_versions,explicit_machine_readable,multi_layer_toolchains,no_ci_manual_only,1999
279,https://github.com/advimman/lama,advimman/lama,True,1,SUCCESS,True,success,1,7,86271,12859,Python,True,True,437376,machine-learning,pip,semi_automated,specific_stack_versions,explicit_loose,single_layer_tool,no_ci_manual_only,9695
280,https://github.com/nlpxucan/WizardLM,nlpxucan/WizardLM,True,1,SUCCESS,True,success,3,52,707926,59411,Python,True,True,7645568,machine-learning,pip,semi_automated,specific_hardware_or_drivers,explicit_machine_readable,single_layer_tool,no_ci_manual_only,9476
281,https://github.com/FortAwesome/Font-Awesome,FortAwesome/Font-Awesome,True,1,SUCCESS,True,success,1,3,52720,8294,javascript,True,True,167000,web-development,npm,semi_automated,cross_platform_generic,explicit_machine_readable,single_layer_tool,partial_repro,76327
282,https://github.com/rasta-mouse/Sherlock,rasta-mouse/Sherlock,True,1,FAIL,False,failure,3,67,1012056,119118,PowerShell,False,,2401817,security,none,semi_automated,specific_os,implicit,single_layer_tool,broken_or_outdated,1986
